Transaction ID,1,1-prox,2,2-prox,3,3-prox,4,4-prox,5,5-prox
9364,31329,0.9995853251932451,24931,0.9766171077677649,23779,0.9380914812625122,12510,0.916516062805686,8184,0.9164506623388107
25668,20406,0.9994578906205881,2486,0.9992907008807012,29902,0.9992738927770114,18839,0.9984723712440373,32099,0.9978732300780905
13316,1589,0.8180976827177728,27527,0.810627693622318,16590,0.7995623216258725,14594,0.7854173858104637,11441,0.7800312144113001
28750,5002,0.7485931878230879,10402,0.7438728887312172,25132,0.7366974320274312,15541,0.7267061606527768,7129,0.7236170250831061
30619,31260,0.9951456591018232,25495,0.982632829768979,8917,0.9758191463354322,12171,0.9707098892480998,6918,0.9666183282096918
1484,11749,0.997769381900912,29092,0.9969659953027868,5685,0.9855808212500188,25772,0.9767192871453156,2321,0.9766937249383664
17193,15380,0.9144679477528902,27716,0.8901453278533239,4514,0.8896740560531864,10349,0.8871320252606806,31905,0.8720305993419872
29052,15555,0.9997898109049519,4399,0.9996974271355952,6094,0.9977898165802431,13276,0.9943556009542572,32020,0.9934152757529633
17951,9938,0.9814094748587522,31689,0.9383981358094796,17822,0.9096547276831481,22934,0.908933825090623,29606,0.9053246813417161
14864,29114,0.983263931995256,11233,0.9832566418978562,19330,0.983243883586313,7707,0.9830745149145738,26735,0.9819514994321755
31146,3476,0.9678104257672456,9983,0.9656772359053024,14264,0.9641777808514008,23003,0.9609502378947158,1784,0.9547741685396886
14757,9734,0.913723792405909,11441,0.9022439461624248,28577,0.8590614918919582,1589,0.8566376090716017,23415,0.8529776940909364
22055,5253,0.9759164539527726,21019,0.9166568366321188,15452,0.9162509363716804,31260,0.9118632967887237,14650,0.9113685396015798
18639,16276,0.9156380169171335,32270,0.8976893556448448,7666,0.8970300201696434,1125,0.8940712405431462,18534,0.8927947004950963
3350,19683,0.9166265037492524,16949,0.9147087624928109,4146,0.9141476124273021,31435,0.9110341953324408,13454,0.9105442932443396
29286,28947,0.9930627404381912,21623,0.989239843556514,31987,0.9821895668772492,11217,0.9816313820806908,31435,0.9743000038104821
8009,28411,0.9998464124336346,13364,0.9165753652339922,30292,0.9125945559484897,21889,0.9032403563109773,1764,0.8973366983471885
1369,15878,0.8811985478243249,12780,0.8328993341312009,26880,0.8304489674896288,22670,0.8264079747789395,29606,0.8215332194307489
10672,28638,0.9820592959134408,15555,0.9699479336910716,29052,0.968711946366517,4399,0.9682057006146927,32020,0.9655750136135491
31062,1709,0.8275050845934887,7751,0.8109287497550243,18754,0.7487160912642733,16680,0.7479508744357911,5303,0.7411774441824072
28947,29286,0.9930627404381912,31435,0.9887500149014138,21623,0.9871041738620437,31987,0.9809789942553556,11217,0.9789229736262209
22544,11986,0.9948559670781894,7533,0.9152923372591572,20460,0.9104990133466643,12055,0.9102040272120376,3350,0.9095599790793711
20842,10079,0.9165850471399333,27892,0.916375480930311,7726,0.9162415643180789,3714,0.9157923059125123,8433,0.9154342719624525
32352,22184,0.9110540349255514,12892,0.8982043588840861,10106,0.8865814490448445,7726,0.8821082997828356,24752,0.8775960248255504
21335,2261,0.9956935950710379,31840,0.9884589899419415,20750,0.9786988498833852,13168,0.9727643508816874,23556,0.9672201255090865
23053,31163,0.9932393933951915,12681,0.9848859171213674,29606,0.9823019106013069,21207,0.9813224956154519,28127,0.9765573776762361
17702,11499,0.9935583980181123,12140,0.9827787350760809,23355,0.9651413638742011,4409,0.9582906634420861,15151,0.9166105514462585
19330,7707,0.9999554332876297,11233,0.9998996762041955,26735,0.9978935075266521,10106,0.9894582374089439,14864,0.983243883586313
9408,20750,0.9165731040010087,21254,0.9165731040010087,8184,0.9163956408216404,8433,0.9162040896121423,3714,0.9159552917960087
4786,17596,0.825580312884934,305,0.7499330659115332,27527,0.7497619016345795,5253,0.749684056724424,5707,0.7496551230493708
31329,9364,0.9995853251932451,24931,0.9775307753839781,23779,0.9310841637652901,12510,0.9165292751154966,7707,0.9164964403514939
29352,18110,0.9113861673458562,18533,0.9006024050635312,21776,0.8829602608756341,1891,0.882159715534088,17951,0.8776784713717558
22468,25811,0.9648054481007925,14895,0.9165801325357648,8703,0.9152584238353008,27193,0.9053388064732683,16590,0.9051367158817863
25875,7494,0.941697018758881,18235,0.9367719717390566,21825,0.9157477352758246,11994,0.912998595019829,11154,0.9103398512565214
801,8433,0.9882265490804151,12778,0.9879071166932611,6970,0.9164308219458094,25772,0.9057684557766997,2321,0.905145958296239
15541,7129,0.9924170962226836,18533,0.9072584946951912,25240,0.9017905972754333,18110,0.8961437728016156,21336,0.8895769196362503
24669,647,0.9737434414332826,19906,0.9165485138125073,11927,0.9164062226069256,9540,0.912325375072227,31509,0.9099234875721334
7039,8648,0.9140156210273037,22473,0.9052925653614441,15860,0.9046296116386232,5955,0.9040318797202719,15452,0.8994995716191694
10349,27716,0.9938520715724444,4514,0.9821818713112043,15380,0.9663985568557883,31905,0.9345288506242234,6918,0.9163562128883137
7533,5550,0.9962908347457323,25275,0.9941147547257824,11994,0.9927259628467212,31435,0.9166666666666666,22544,0.9152923372591572
4644,14292,0.9688177264740873,27319,0.9034384965967833,10862,0.8882133831210718,11995,0.885484393140754,1125,0.8700336016036583
13482,30292,0.8890297829257242,27716,0.8328187398900145,10349,0.8260144266247766,11337,0.8252823955882699,9921,0.8239926854550367
13454,16949,0.9985783920680289,19683,0.9948261308846837,9078,0.9878665330910298,4005,0.9631088280479122,15674,0.9164200862784662
11995,10862,0.999727773785193,5521,0.9894518633993231,27319,0.9827678350141023,26553,0.9640551009925037,14292,0.9166666666666666
4958,3343,0.9581365970918135,6918,0.9082650030100154,12171,0.9055077528412968,17159,0.9051343201989046,8917,0.9027122339486836
4514,10349,0.9821818713112043,27716,0.9819798741991551,15380,0.9742781642106729,13565,0.9166666666666666,15555,0.9165909174996557
7578,15151,0.9990397135751685,24514,0.9972507841740423,4724,0.9963508862365833,21407,0.9927901853796657,5571,0.9921045654478627
15151,24514,0.999539235914607,7578,0.9990397135751685,21407,0.9970831850382403,5571,0.9966125494082371,15671,0.9936842591555158
8648,7039,0.9140156210273037,15674,0.9050723656165571,22473,0.9020446583825289,5521,0.8996571215522792,25969,0.8980890104189179
27890,18540,0.9029310377172498,7263,0.9016175727648053,13716,0.8998252936524747,2788,0.8539871203296103,20946,0.8331794501561891
1491,10407,0.9937883721575745,18279,0.9875522998637166,21396,0.9751728899382245,5177,0.970392532461207,10191,0.939922068316028
14376,2261,0.9166666666666666,21335,0.9123602617377046,20750,0.9094337117403347,31840,0.9025457739942605,13168,0.9005929610349915
25973,27193,0.992001691977821,22006,0.9707779659991197,9983,0.9161883454519183,23003,0.9147900000016329,7291,0.9143340856911871
3963,15151,0.9109997029220239,24514,0.9107986517008957,28488,0.9097550076033697,7578,0.909665029753008,21407,0.9087358384893441
18235,7494,0.9994043844018944,25875,0.9367719717390566,17822,0.9166059998335379,22934,0.9159729731833152,572,0.9091220747721943
6714,17181,0.9922837696893195,10079,0.9714196867007031,21254,0.9684891524970224,5430,0.9165725369218425,22196,0.9164031770194346
4146,2653,0.9151337923775543,3350,0.9141476124273021,16949,0.8321406897683374,13454,0.8317181572191062,19683,0.8313425224218932
24486,22379,0.993916995722274,26349,0.9767270345435345,21538,0.9746931846447081,21632,0.9683438950156593,25398,0.9632494764880905
29092,1484,0.9969659953027868,5685,0.9953980084691256,11749,0.994862992642795,6772,0.9896032712476055,4244,0.9838080107195527
12171,8917,0.9975646832005899,6918,0.9915826063011935,25495,0.9819523857504887,31260,0.9725238559773218,30619,0.9707098892480998
21617,31023,0.9999336985909628,17290,0.994231387684188,11927,0.9745398433943246,19906,0.9731965026582273,4617,0.9611546792411074
3083,18620,0.9165597161841753,13329,0.898263457460212,17951,0.8916483716980853,9938,0.859019538292063,8607,0.8563339210618369
12479,900,0.9094627410501674,3251,0.9035230352303523,20706,0.8970673915191206,19477,0.8875731733646894,11382,0.8839778631754965
8917,12171,0.9975646832005899,6918,0.9933755793016612,25495,0.9864821278219553,30619,0.9758191463354322,31260,0.9717227627142405
26474,6723,0.9730039546873971,18110,0.9209690714738287,24514,0.9164845300350976,21407,0.9163028481921547,5571,0.9160772810496214
14575,27467,0.9702527901317879,5157,0.9689502517931518,9873,0.8870708791899661,13027,0.8684232883493616,2953,0.8156530435814296
26324,19161,0.9547528361063806,3056,0.9155693456272352,21059,0.9153712606555507,6723,0.9122331474105142,5177,0.9115024428568127
26398,23415,0.9757089204124186,22006,0.9161857816148343,5053,0.914135104702066,3343,0.9135747495509136,22696,0.9088311213420103
25811,22468,0.9648054481007925,26761,0.9083526914161656,23415,0.9070260253550342,26398,0.9068858968050199,26948,0.906312651511438
14292,4644,0.9688177264740873,11995,0.9166666666666666,10862,0.9163944404518597,5521,0.9061185300659899,27319,0.8994345016807689
24514,15151,0.999539235914607,21407,0.9989395340748338,5571,0.9986191326061992,7578,0.9972507841740423,15671,0.9936807308307216
20444,21754,0.9906064502067721,28325,0.9890662596495247,4741,0.9881515612033388,20126,0.9796807936583761,29679,0.9707437223583607
23074,28787,0.916622440049682,12475,0.9108404301132506,4005,0.9077602236556267,32213,0.9068170715511501,8876,0.9050453679699618
21,23737,0.9966209225511465,11154,0.9923483818193638,31435,0.9912680433489127,28947,0.9684689602898793,21623,0.9672581504677534
15442,9326,0.9150644991487434,31881,0.899328107075093,18235,0.8922637042558766,26892,0.8920671842270664,7494,0.8919536698600802
7151,15646,0.9690634060475266,27628,0.9466098975358707,22196,0.9465731486023671,13364,0.9156797245613362,29563,0.9154577235360531
12339,26892,0.8330833182342768,6393,0.8155237283617631,21825,0.8140331301805411,13580,0.8074102896671972,15442,0.8059914489057847
19906,11927,0.9998819195369362,4617,0.9927456285697035,16821,0.9914598646638124,17290,0.9774671896031265,31023,0.9742230160685557
11428,16821,0.9903300224625985,4617,0.968408600740756,19906,0.9651241438548913,11927,0.9611121529059198,17290,0.946572636168041
3610,4005,0.8914527698382037,9078,0.8912064284941036,13454,0.8874105749030287,16949,0.8843502826968163,19683,0.8807407947322661
7914,647,0.8331230435473875,26398,0.8330404653741935,5053,0.8322290496748326,3343,0.8318454818258839,22696,0.8268337712304877
21699,11414,0.9010044304450417,16680,0.8846152716433835,5303,0.8845655321321525,6996,0.8794116179555204,31754,0.8753781152261572
13565,20327,0.9922670079848283,16237,0.9920257708743953,7385,0.9633644470604329,24752,0.9603845516973775,4514,0.9166666666666666
25600,5707,0.9149146085331595,2321,0.9125181982910134,6209,0.9036814173256159,7987,0.9024573704999836,29092,0.8939739340820548
3341,8116,0.9165993735434217,15380,0.9156582876163032,23482,0.9129330459778703,9775,0.9111609427704422,3343,0.9107520456976523
14124,22379,0.8974084459630441,24486,0.8966182742823644,21632,0.8830316080076441,21538,0.8794069550437172,26349,0.8765867937957744
31987,21623,0.9942667206340218,1542,0.9859152368556865,29286,0.9821895668772492,572,0.9821844360003751,28947,0.9809789942553556
29001,12572,0.994329066159406,5955,0.9166105514462585,27527,0.9162774434074489,8917,0.9152807178271533,12171,0.9151541362853708
28787,14895,0.9810773939745933,8703,0.9785705048367171,26948,0.9729912989842892,14745,0.9634139429765135,23074,0.916622440049682
5685,6772,0.9988052806486128,29092,0.9953980084691256,4244,0.9885276417829177,19164,0.9884953934222821,1484,0.9855808212500188
4244,5685,0.9885276417829177,6772,0.9871857064740855,29092,0.9838080107195527,19164,0.9777864960830742,1484,0.9730749208422008
21207,31163,0.9933872423992641,28127,0.9926809763745892,1784,0.9914112982451885,12681,0.9884762794462101,23003,0.9879023029183646
11154,23737,0.9942880717716339,21,0.9923483818193638,31435,0.9896634563925716,1542,0.9599415949947631,21623,0.9594260799819425
21324,15060,0.8985211543656613,1764,0.8160666633253966,4974,0.8045244153638329,24421,0.8039804586484373,28411,0.7958861290943909
10402,12639,0.8829673800687443,27319,0.8654511423250414,10862,0.8539429758507718,11995,0.8476578604723765,26553,0.8453959576895503
6094,4399,0.9990200237704568,29052,0.9977898165802431,15555,0.9977342604282272,1971,0.9973065058993161,16154,0.9936474444303413
25398,26349,0.9810343563611154,21538,0.9731735899948788,24486,0.9632494764880905,22379,0.9626536926128986,21632,0.9541819979350602
3039,23584,0.9935717539176329,20084,0.9788698664139316,32099,0.9109021924457458,4942,0.9103459696448702,29902,0.9099258461050566
15154,16154,0.9993071468509916,16899,0.9975211047171667,13276,0.9947275662384358,1971,0.9937321937321938,6094,0.991612265863839
16605,21059,0.9706133334301321,1891,0.9457614118676277,21776,0.9447510484339546,13090,0.9161864955145527,12565,0.8874015585628415
19477,9205,0.9979290751928761,900,0.9687694552675129,28127,0.9162141463299672,1784,0.9154854558248925,11499,0.915446110500007
10804,10347,0.9935530383863286,5317,0.9843867733877483,19992,0.9739267062900231,4632,0.9706062308929994,10589,0.9636361799411602
15860,18823,0.9946471363939108,5955,0.9901482194951584,15583,0.9750540138688356,15452,0.970626437123224,21019,0.9684378490491685
30981,25275,0.8934322898760886,5550,0.8924958188071175,7533,0.8834562060977061,11994,0.8796424211658268,7494,0.8276964027546517
15674,5002,0.9718718622667404,13454,0.9164200862784662,16949,0.9161201405225855,28898,0.9158010954086014,18823,0.9153211510803478
28898,31769,0.9929666259312379,24489,0.9876446341260872,4741,0.9164776847648933,28325,0.9163410027388351,1088,0.9163071083162656
29679,4741,0.9930160098628513,28325,0.9924016052621388,20126,0.9812643860104165,20444,0.9707437223583607,21754,0.9337038440580269
19756,24514,0.9166178035491294,15151,0.9164570975093248,21407,0.9151024951937604,5571,0.9147330800165175,7578,0.9146007139956197
13329,8607,0.9739839625955472,31689,0.900555800620232,26111,0.8985373489821665,3083,0.898263457460212,20842,0.8929977200853592
4774,21059,0.894408011151691,17674,0.8862830275305758,25240,0.8742568166996421,9081,0.8719398780596869,1891,0.868955236784994
30352,24255,0.9999638611310687,15874,0.9699367873830166,20078,0.9670717321793112,2008,0.9536666200321076,12510,0.9503697694657046
9775,10804,0.9166666666666666,3341,0.9111609427704422,22696,0.911009069375328,10347,0.9102197050529952,4409,0.9074435863764764
1971,6094,0.9973065058993161,16154,0.9937515912954361,15154,0.9937321937321938,4399,0.9935123228311858,29052,0.9914214553464421
30752,12565,0.9333383065086603,2486,0.9166666666666666,900,0.916607711314799,26735,0.9165809889467202,18839,0.9164361276133693
23382,30955,0.9106043415694604,13124,0.8293259956693383,11781,0.8293259956693383,11382,0.8277352682671303,21207,0.8273157407973056
4617,19906,0.9927456285697035,11927,0.9919008892907281,16821,0.9903928671760819,17290,0.9700010999843954,11428,0.968408600740756
17822,22934,0.9995212715031361,18235,0.9166059998335379,7494,0.9161745204701295,17951,0.9096547276831481,572,0.9093940264919667
30955,23984,0.915966173999888,31163,0.9148991957285881,23053,0.9147910896626215,23382,0.9106043415694604,12681,0.908021069919827
18995,6173,0.9967969700121014,17159,0.9708310159717607,7064,0.9691061596488746,3601,0.9663182913432885,25888,0.9586643585425332
13124,11781,0.9166666666666666,5550,0.9163290823943046,21207,0.9160975347558992,25275,0.9157852308370603,7533,0.9143897730923349
21019,15452,0.999509483761179,13491,0.9921727416034923,5961,0.9770210060735861,9091,0.9723449390862782,5955,0.9697531075516911
10375,26761,0.7974953097207766,31378,0.7903939255870696,305,0.7865021467750806,17596,0.7789560251439699,9091,0.742327477716342
9983,23003,0.9991617144894448,1784,0.9970251955859285,28127,0.9942953034530065,3476,0.993524672023427,14264,0.9926254676176082
7129,15541,0.9924170962226836,25240,0.9162954862123902,18533,0.8955822017239959,21336,0.8903034230343669,11749,0.8873262315791585
11986,22544,0.9948559670781894,14986,0.9164398577952954,5550,0.9163290823943046,12055,0.9162501183160697,25275,0.9157852308370603
31925,9533,0.9858531511567121,16821,0.9164157393198419,17702,0.9161143812628546,27193,0.9159455705959102,5955,0.9157063802418351
5002,15674,0.9718718622667404,31769,0.9136046795025212,7029,0.9088675545046717,19683,0.9040970093875731,15583,0.9003901463669527
2953,10118,0.966703163965319,21538,0.9095123019018474,21632,0.9090349836380737,26349,0.9052624546636174,6996,0.8937377051816705
4603,11698,0.8999117681564632,11995,0.8333333333333334,14292,0.8333333333333334,10862,0.8330611071185263,3343,0.8319866387089719
22379,24486,0.993916995722274,26349,0.9700956867311262,21538,0.9669723928098293,25398,0.9626536926128986,21632,0.9581203964728306
20084,23584,0.9824308333119522,3039,0.9788698664139316,15874,0.9166090194033881,24338,0.9161926788936464,12510,0.9067808208765719
28908,7726,0.9703355277808005,29114,0.9166391722728043,22196,0.9165229255435369,6714,0.9160409613539054,17181,0.9100486436193576
21825,25875,0.9157477352758246,11994,0.9156592668756964,11154,0.9100669275423394,13064,0.9093994215628474,6393,0.907387968497582
23902,28042,0.9162889391079828,3848,0.9143644374941164,31713,0.9134235206240566,26064,0.913309532840802,5962,0.9121258004930236
16899,13276,0.9993589556606647,16154,0.9982979491753455,15154,0.9975211047171667,32020,0.9956743032901428,4399,0.9933229706874686
21396,18279,0.9958001062312519,1491,0.9751728899382245,5177,0.9720123619496591,10407,0.9658938448763082,9138,0.949482687000161
26648,7545,0.899864676041242,19895,0.8985426033420539,31290,0.8944247726838538,31324,0.8925782137779992,18116,0.8917090163617495
25495,8917,0.9864821278219553,30619,0.982632829768979,6918,0.9824106615721556,12171,0.9819523857504887,31260,0.9728674287794924
31769,28898,0.9929666259312379,24489,0.9633149745997581,19477,0.9144622022548337,5002,0.9136046795025212,15154,0.9126287415366526
14248,28325,0.9122519340721292,4741,0.9120530062592338,204,0.9110676469290198,5550,0.9108304061147873,25275,0.9099481931570809
10106,7707,0.9907769197098096,19330,0.9894582374089439,12892,0.9886985241199477,11233,0.9879066008637816,26735,0.9782397076921591
13276,16899,0.9993589556606647,32020,0.9982787984796575,16154,0.9967110438804587,15154,0.9947275662384358,29052,0.9943556009542572
340,9364,0.9151822993194264,31329,0.9134273202536534,3195,0.910366540701963,30292,0.9056572050368071,10908,0.8999392851465359
5961,13491,0.9936091777594553,20946,0.987600889928851,15452,0.982842326067851,21019,0.9770210060735861,15583,0.9762382930741492
27319,11995,0.9827678350141023,10862,0.9826177190012791,5521,0.9714808952495106,26553,0.9459031253278547,12639,0.9060654301412674
7494,18235,0.9994043844018944,25875,0.941697018758881,17822,0.9161745204701295,22934,0.9148926621833905,572,0.9106997428446374
7751,11414,0.9045341776518164,21632,0.8996473862647582,16680,0.892317977486394,18754,0.8922859553013449,21538,0.8865656486600594
2486,18839,0.9997694609467027,25668,0.9992907008807012,29902,0.999214512378448,32099,0.9986184013341379,20406,0.9979956960139748
7965,31329,0.8908946524386424,9364,0.8882930898692779,24931,0.8712882195412478,265,0.8271140010677563,20078,0.8253328091981542
23730,13027,0.9067775559926314,2953,0.8177175726536593,13371,0.8140013193346247,5157,0.8126566435991919,27467,0.8075274190199959
27467,5157,0.9935933774459761,14575,0.9702527901317879,9873,0.9140093317047602,13027,0.8916184592051698,2953,0.8631692249554508
16125,16666,0.9751349341744838,572,0.9166666666666666,10106,0.9166480149016257,4409,0.9166480149016257,27892,0.9166471048204512
12572,29001,0.994329066159406,5955,0.9110329872916031,27527,0.9106450997984791,8917,0.9104048736824559,12171,0.9097010084456789
7987,2096,0.9165863417419639,23999,0.9163877324429542,2646,0.9161268437644021,5571,0.9117952896643233,21407,0.9113741230297677
3601,7064,0.9800074495546053,25888,0.96946133130866,18995,0.9663182913432885,6173,0.9636178380685142,17159,0.9355429291655039
12639,25969,0.9668434558487816,24421,0.9081223781302921,27319,0.9060654301412674,10862,0.902075759960072,11995,0.8999117681564632
18534,1125,0.9160415138719472,7666,0.910634552276936,32213,0.910634552276936,18639,0.8927947004950963,27628,0.8333117640812103
7029,6173,0.9163859700337342,11927,0.9162580001773043,30689,0.9159562084482834,19906,0.915700831567996,32216,0.9154376404170336
14412,4632,0.8888150365174631,5317,0.8804167299061211,19992,0.8736478068159726,10347,0.872867183372905,10804,0.8445103357390108
7064,25888,0.9979163393613261,3601,0.9800074495546053,6173,0.9762235540790787,17159,0.9702261233191934,18995,0.9691061596488746
16276,12475,0.9766150344611583,30689,0.975634259726152,5430,0.9719281484251283,8876,0.9713066439540001,10941,0.9429779942228148
11467,3350,0.8194169920238036,4146,0.805397575110057,12780,0.8028048811503918,31378,0.8022113073521221,26880,0.7954445128830187
21059,1891,0.9745619119060311,21776,0.9740208927363753,16605,0.9706133334301321,6723,0.9157065379704633,30752,0.915504504949983
12140,11499,0.9915252929423702,23355,0.9849735440515541,17702,0.9827787350760809,4409,0.9619408071759888,21207,0.9165741150642673
11516,22196,0.9912548748601152,27628,0.9886322082626711,15646,0.9690033666759756,6714,0.9105103937329829,7151,0.9095372887358041
17290,31023,0.9953918476301974,21617,0.994231387684188,19906,0.9774671896031265,11927,0.9771741420823767,16821,0.9704146143435635
23984,30955,0.915966173999888,2096,0.9110780646557703,2646,0.9108839411457449,5571,0.9073033132365312,21407,0.9070491412679095
7163,31679,0.8770536452962063,5306,0.8750932878277787,20671,0.8332093807410329,3195,0.8292508324336435,23529,0.8197858839899755
13371,13027,0.8858418225659754,9873,0.8711431747867526,23730,0.8140013193346247,5157,0.7883500743712847,2953,0.7858557932100446
8607,13329,0.9739839625955472,9938,0.9166153057902404,15234,0.9161560398994494,26111,0.9103406377974034,20842,0.9068427153765443
20406,25668,0.9994578906205881,2486,0.9979956960139748,29902,0.9975001674502506,18839,0.9964818097764884,32099,0.9951902888294905
5955,18823,0.9943386011674523,15860,0.9901482194951584,15583,0.9878058825247509,13491,0.9776984147630108,5961,0.9724721748049042
27973,8184,0.9742771982676256,14000,0.9641842215132366,11036,0.9636341106405494,32378,0.9608932994963189,1871,0.9562195265342807
24180,204,0.9832404198462846,19683,0.9070977328788872,14248,0.9061545752495702,11986,0.905212549789059,16949,0.9040560099149495
21644,9609,0.9742712843451479,3848,0.9673250081377806,21396,0.914561250682305,9533,0.9059620955746134,5430,0.9059117726787811
20016,9921,0.8418367260674957,9081,0.7960087766932853,7129,0.7914594121250452,15234,0.791386568969075,25240,0.784790515447316
12055,14986,0.9998405356892883,11986,0.9162501183160697,22544,0.9102040272120376,24669,0.9055006696425533,204,0.905475095696076
17159,6173,0.9844595611034034,25888,0.9750627146365044,18995,0.9708310159717607,7064,0.9702261233191934,3601,0.9355429291655039
28325,4741,0.9999579527559082,29679,0.9924016052621388,20126,0.9919226148125125,20444,0.9890662596495247,21754,0.965711661260907
18839,2486,0.9997694609467027,32099,0.999177815428702,29902,0.9991662616696916,25668,0.9984723712440373,12510,0.9977081050190423
27193,25973,0.992001691977821,22006,0.9774403107955544,3476,0.9166666666666666,14264,0.9163731794383638,31925,0.9159455705959102
10118,2953,0.966703163965319,11414,0.9164911190138364,21632,0.8839551162219531,18754,0.8819107638400431,16680,0.8781341074666038
22934,17822,0.9995212715031361,18235,0.9159729731833152,7494,0.9148926621833905,17951,0.908933825090623,572,0.9076613579870486
8581,5955,0.9110329872916031,20122,0.9057116898948507,18823,0.9054076250696531,15860,0.901820371145218,12802,0.901223347136591
19244,3343,0.8897318625655241,18995,0.8821816831544153,4958,0.8665931583467431,6173,0.8589099177763836,3601,0.8460030229626087
15583,5955,0.9878058825247509,18823,0.9840420928476306,5961,0.9762382930741492,15860,0.9750540138688356,31155,0.9680441741525548
32378,8184,0.968480545352512,14000,0.961700032760637,27973,0.9608932994963189,11036,0.9597118159404627,1871,0.9500318856932365
18279,21396,0.9958001062312519,1491,0.9875522998637166,10407,0.9775045937348308,5177,0.9743190043969663,10191,0.9487035293389523
29563,19460,0.9698662602182293,4097,0.9644755901995391,28482,0.9494855269432053,13364,0.9164315093172323,30752,0.9164145267846421
29196,10402,0.8029960370841996,12639,0.8020130027928428,11698,0.8020130027928428,31155,0.8016084662736119,10862,0.796718126010289
8876,30689,0.99867904254018,12475,0.9943776907984557,5430,0.9895300269251016,10941,0.9883128642352735,16276,0.9713066439540001
10407,1491,0.9937883721575745,18279,0.9775045937348308,21396,0.9658938448763082,5177,0.9633318491026014,10191,0.9292331299511289
31905,15380,0.9592895940517274,27716,0.9406701168666999,10349,0.9345288506242234,4514,0.9157395910422433,1869,0.9075614921000664
20068,10910,0.9160335114039118,1891,0.9155304431435045,21776,0.91538948159914,24338,0.9151432368490617,8184,0.9127413847877115
30339,21825,0.8212326759560359,22670,0.7881294066084976,30981,0.7787826334446238,12780,0.7637889792706218,21,0.7496170478940619
15100,7494,0.9050934762896138,18235,0.9040527189172302,21776,0.8996045916711156,20068,0.899545185454449,1891,0.899536613433806
13168,20750,0.9883282075508436,2261,0.9839262943683248,21335,0.9727643508816874,31840,0.9628300173444692,23556,0.9611800196005845
21336,8433,0.9145449562288842,15234,0.9052075118705695,801,0.9043322365294427,31881,0.9040000926545342,6723,0.8953089835132547
4931,26117,0.9506102346627582,31905,0.8995020179481085,15380,0.8910647844160522,26648,0.8836122507843763,19895,0.866145420290751
18540,7263,0.998885356145124,13716,0.994530004624614,2788,0.9528936114072414,30619,0.9166261836255263,5053,0.9162602446494531
7726,28908,0.9703355277808005,3714,0.9163830161031695,20842,0.9162415643180789,8433,0.916240123782926,24752,0.9160279028821412
31142,1125,0.8516150103562236,4644,0.8158002767534902,27319,0.8059343380274813,3601,0.8040120996424558,10862,0.7891783085456838
19460,4097,0.9997692738623655,28482,0.9769870547189953,29563,0.9698662602182293,15874,0.9165338889808231,10106,0.9165139005331516
16666,16125,0.9751349341744838,21396,0.9131218609812645,2096,0.9129184271122753,31083,0.9116823680626883,21623,0.9116823680626883
13027,23730,0.9067775559926314,5157,0.9039470335561273,27467,0.8916184592051698,25398,0.8894793986014801,13371,0.8858418225659754
28482,19460,0.9769870547189953,4097,0.9765272884520279,29563,0.9494855269432053,22184,0.9159155083899989,12565,0.9090456465408417
11781,11382,0.9906679151313399,13124,0.9166666666666666,21207,0.9160975347558992,31163,0.910390659715819,28127,0.908403990748346
9326,15442,0.9150644991487434,18235,0.8913458726954054,7494,0.8890883858636571,25875,0.8509640513251014,29286,0.8316734710688212
5521,11995,0.9894518633993231,10862,0.9858195083095792,27319,0.9714808952495106,26553,0.9366367449184123,25969,0.91571276543339
5571,21407,0.9999087867848123,24514,0.9986191326061992,2646,0.9978014275043648,15151,0.9966125494082371,2096,0.9962863965087353
15595,8648,0.895627848863248,15674,0.8253950806355768,29918,0.8211559528051914,5002,0.8133431494342949,22473,0.8121875078809521
8184,11036,0.9888319824836156,14000,0.9887174349717109,1871,0.9831529633265269,27973,0.9742771982676256,32378,0.968480545352512
6996,31754,0.9994377724241605,5303,0.9982094172990078,16680,0.991649119588426,18754,0.9723182797484219,11414,0.9399518574474938
21815,27892,0.9869621078628387,3714,0.9811672688632268,16125,0.9039815795670944,17184,0.9039815795670944,1869,0.9038774867083684
1542,572,0.9877076902526155,31987,0.9859152368556865,21623,0.9793128881306742,31435,0.9711238369078053,21,0.9621788089152575
22670,12780,0.9061357121609331,26880,0.8324576510853356,1542,0.8277557428272347,572,0.8271054370007386,1369,0.8264079747789395
11382,11781,0.9906679151313399,23053,0.9149708063595368,31163,0.9149241086394936,12681,0.9076886180364152,13124,0.9073345817980066
13227,16276,0.9153932282377916,30689,0.888214060170697,12475,0.8881673630851727,5430,0.8873339746797226,8876,0.8825241287837865
26553,10862,0.9665486819262886,11995,0.9640551009925037,27319,0.9459031253278547,5521,0.9366367449184123,1125,0.9105561215185635
29718,25275,0.8333333333333334,5550,0.8329944236849715,13124,0.8324518975037271,12140,0.8313169441099081,7533,0.8274480880591156
9138,21396,0.949482687000161,10191,0.9488712284655018,5177,0.9478660774567221,18279,0.9396932665747499,12892,0.8994545792607305
31083,16666,0.9116823680626883,5550,0.9051173201643906,25275,0.9047900949826996,20706,0.9044158453420605,13124,0.9040440966763548
23556,31840,0.9813237401923987,2261,0.9759731962006057,20750,0.9719270876207361,21335,0.9672201255090865,13168,0.9611800196005845
22196,27628,0.9938472335489917,11516,0.9912548748601152,15646,0.9898965627103603,7151,0.9465731486023671,28908,0.9165229255435369
1709,20327,0.831823278362381,13565,0.8275594307007822,31062,0.8275050845934887,2402,0.8274589061209633,16237,0.8199684352600465
12780,22670,0.9061357121609331,1369,0.8328993341312009,572,0.8327150444476527,26880,0.8279614766724883,30981,0.8219897297664281
15452,21019,0.999509483761179,13491,0.9945594981251631,5961,0.982842326067851,9091,0.974241353683753,5955,0.9724277164541851
18116,31324,0.9152221265957102,18775,0.9103475068248551,7545,0.9089360832813158,16009,0.9066313591186826,1088,0.9060815098089163
22577,8116,0.7953151000743994,28411,0.7919298497363609,8009,0.79035477637039,28482,0.7392050334693421,24421,0.7379281967651918
29606,12681,0.9845447594565067,23053,0.9823019106013069,31163,0.980730995676773,21207,0.9708308580007635,28127,0.9681679669890922
19992,4632,0.9982271830759522,10589,0.9883148631282416,5317,0.9847129371699571,10804,0.9739267062900231,10347,0.9730056795950864
13851,3601,0.8099238860200089,31023,0.7985514550346857,21617,0.7984860476098525,16276,0.79774855902797,13227,0.7946377719060939
17525,24489,0.8332711555969851,28898,0.8203541921307383,25600,0.8168010108518091,6209,0.8081670973119968,14376,0.8010540575323498
1891,21776,0.9999620683907309,21059,0.9745619119060311,16605,0.9457614118676277,20068,0.9155304431435045,10910,0.9134410442663411
8433,801,0.9882265490804151,12778,0.9761089265677998,3714,0.9166349170063418,21254,0.9163515820833549,7726,0.916240123782926
12839,21754,0.9699293838878829,20444,0.9513860552598562,28325,0.9198851217219476,4741,0.9173469412734282,20126,0.9084158826828737
6393,16009,0.910722134541801,25231,0.9091230598771819,21825,0.907387968497582,30558,0.899987580718501,27566,0.827712313267989
26892,31435,0.9100620373556035,21,0.9088428534082572,20126,0.9083922800866535,25231,0.9053221727175548,28947,0.9052899442432363
4942,9938,0.9164752085971717,23584,0.9164752085971717,12510,0.9162842738610338,18839,0.9158638059242309,32099,0.915657575395635
25969,12639,0.9668434558487816,5521,0.91571276543339,29409,0.9138720484306911,11995,0.9108574744318162,22055,0.909563188775793
17674,6772,0.9165842449578044,21335,0.9157127940987001,5685,0.9147626418165239,13364,0.9147365266305844,2261,0.913980604577112
21407,5571,0.9999087867848123,24514,0.9989395340748338,2646,0.9975432005351088,15151,0.9970831850382403,2096,0.9959279709095492
5550,25275,0.9996610903516382,7533,0.9962908347457323,11994,0.9844813342756981,13124,0.9163290823943046,11986,0.9163290823943046
20460,22544,0.9104990133466643,31925,0.9081223567219708,24669,0.9074715496460467,11986,0.9068425387925956,9533,0.9055011546614647
10079,21254,0.9964988383132453,17181,0.976070475999195,6714,0.9714196867007031,20842,0.9165850471399333,27892,0.916582581033683
23415,26398,0.9757089204124186,25811,0.9070260253550342,22696,0.9062502574727856,3343,0.9016177654750265,5053,0.9008814792282177
12892,10106,0.9886985241199477,22184,0.9876027168022256,7707,0.9798466219197187,19330,0.9785535855799083,11233,0.9772215635296119
31324,1088,0.994432675274254,7545,0.9922544786259208,22614,0.9898958261462014,15513,0.9704731778485086,29679,0.9165954777340373
31260,30619,0.9951456591018232,25495,0.9728674287794924,12171,0.9725238559773218,8917,0.9717227627142405,6918,0.9610235526040234
23482,6772,0.9156693882853041,20406,0.9151144474301375,19164,0.9144841809916547,3341,0.9129330459778703,5685,0.9129330459778703
8311,4644,0.8409825298143803,10402,0.8051411691565963,9873,0.7891636663233758,14757,0.7880119543240748,9734,0.7768803309762814
7166,31155,0.9135485379548759,15583,0.9007026736826079,31509,0.8915831322073219,3014,0.8890281834728307,20122,0.8849457378642965
19161,26324,0.9547528361063806,25875,0.9071790240208126,1491,0.9062185351807518,25370,0.9059124869870246,10407,0.9015957196233443
8644,21632,0.9765961207830388,21538,0.9735227140140189,26349,0.9693239811437181,24486,0.9417758275691254,22379,0.9313608127402532
17158,22006,0.8919343002817778,27193,0.8750795649325832,7291,0.8715215727112989,29352,0.8679166589992168,25973,0.8576752195233862
25370,19161,0.9059124869870246,26324,0.8916745924536539,13090,0.8655927934740754,1491,0.8330530980916926,26474,0.8305463497792287
5430,30689,0.9928172200427655,8876,0.9895300269251016,12475,0.9839583598291313,16276,0.9719281484251283,10941,0.9629804806105907
13064,21825,0.9093994215628474,24931,0.9063187434514113,31329,0.8807135322232633,11781,0.880453732973177,9364,0.8762703075650956
15234,8607,0.9161560398994494,20842,0.9079397233703492,21336,0.9052075118705695,13329,0.8913150237842169,31881,0.8842134746803604
28042,31713,0.9963970466485762,23902,0.9162889391079828,3848,0.9156301866892189,7707,0.9155772410943536,19330,0.9151361646974584
29902,32099,0.9995987683910591,25668,0.9992738927770114,2486,0.999214512378448,18839,0.9991662616696916,20406,0.9975001674502506
28488,3963,0.9097550076033697,29902,0.9054157124978673,2486,0.9052920821644944,18839,0.9051852003613973,25668,0.9049994027129206
21776,1891,0.9999620683907309,21059,0.9740208927363753,16605,0.9447510484339546,20068,0.91538948159914,10910,0.913387293837156
30689,8876,0.99867904254018,12475,0.9928277204325692,5430,0.9928172200427655,10941,0.9800714150153529,16276,0.975634259726152
16680,5303,0.9975038561255255,18754,0.9942252280344362,6996,0.991649119588426,31754,0.9867877498087568,11414,0.9612426104132753
18620,3083,0.9165597161841753,29352,0.8716802950281326,15234,0.8602601393127012,23053,0.8275194950886181,15442,0.8274264169255431
10862,11995,0.999727773785193,5521,0.9858195083095792,27319,0.9826177190012791,26553,0.9665486819262886,14292,0.9163944404518597
11217,29286,0.9816313820806908,28947,0.9789229736262209,21623,0.9550133949308557,31987,0.9462818308103117,31435,0.938565768467004
647,24669,0.9737434414332826,17290,0.9137508492443592,31023,0.9021241873605232,21617,0.9001136281475577,16821,0.8934144281442605
16237,13565,0.9920257708743953,20327,0.9884635016757243,7385,0.9779089310225634,24752,0.9760625599576122,14864,0.915068836111038
28127,1784,0.9993071468509916,23003,0.9974857308394994,31163,0.9947098822705683,9983,0.9942953034530065,21207,0.9926809763745892
204,24180,0.9832404198462846,14248,0.9110676469290198,19683,0.9084669001069816,12055,0.905475095696076,14986,0.9051484112054301
2327,21407,0.9166666666666666,5571,0.916575453451479,2321,0.9163518168235799,24514,0.9156062007415006,2646,0.9142098672017754
5303,6996,0.9982094172990078,16680,0.9975038561255255,31754,0.9956658753961855,18754,0.9842080472947589,11414,0.9518564823235933
24872,31290,0.9161362793666369,204,0.9001179203665951,24180,0.8983821011498163,15674,0.8333333333333334,13454,0.8330867529451328
23737,21,0.9966209225511465,11154,0.9942880717716339,31435,0.981436806307244,1542,0.9516828381371504,21623,0.9496628599790332
31378,305,0.8877617213431241,22062,0.8253970750749117,17596,0.8158835421046499,6226,0.8149332607135301,9533,0.814700869065056
15060,21324,0.8985211543656613,17674,0.8649067272362557,5504,0.8641202346811053,4974,0.8516461710711868,14464,0.8071100599518569
2402,13565,0.9165878872464835,20327,0.9081793831118786,16237,0.9077569889857621,29409,0.8793898289190926,7385,0.8778472974976627
20946,9091,0.9888800789642541,5961,0.987600889928851,13491,0.9844365825033471,15452,0.9711381135968479,21019,0.9660055396692657
24489,28898,0.9876446341260872,31769,0.9633149745997581,32020,0.91627588395442,29679,0.9141770042539342,31324,0.9134991565133141
4426,15671,0.9164597234024906,15151,0.9104204198129958,24514,0.9097999099976523,7578,0.9096933748425283,21407,0.9071051896957502
12802,15860,0.9160247199421855,18823,0.9108055504905624,5955,0.906621318049761,8581,0.901223347136591,20122,0.8919955719549396
7263,18540,0.998885356145124,13716,0.9980081193522885,2788,0.9621911193252298,13491,0.9164563768807209,5053,0.9162575650906687
1871,11036,0.9942215842064325,14000,0.9940311671720842,8184,0.9831529633265269,27973,0.9562195265342807,32378,0.9500318856932365
12778,801,0.9879071166932611,8433,0.9761089265677998,27628,0.9166666666666666,2096,0.9166450974145436,2646,0.9165739380952654
2096,2646,0.9997962684701037,5571,0.9962863965087353,21407,0.9959279709095492,24514,0.9907345952505521,6970,0.988399230660341
7291,25973,0.9143340856911871,27193,0.9108863128427073,29495,0.9050631252306468,11781,0.9024050189870169,11382,0.8944809670742853
1764,24421,0.9856053431562349,25969,0.8989525027053152,28411,0.8984249096777178,8009,0.8973366983471885,30292,0.8925142988199116
21632,21538,0.9968901586269294,26349,0.9937451362209506,8644,0.9765961207830388,24486,0.9683438950156593,22379,0.9581203964728306
9609,3848,0.9980360895290598,21644,0.9742712843451479,16276,0.9165079143149324,26064,0.915401658480249,31713,0.9113131303231622
3251,4409,0.9052418802307033,12479,0.9035230352303523,20671,0.9030091369860019,23529,0.8990854402149208,3793,0.8931693197439295
2321,5707,0.9893017691285829,11749,0.9769302817005379,1484,0.9766937249383664,29092,0.9759329764534467,25772,0.9738656282962533
28411,8009,0.9998464124336346,13364,0.916473768245332,30292,0.9118908869101099,21889,0.902386503753794,1764,0.8984249096777178
24338,20084,0.9161926788936464,20068,0.9151432368490617,8184,0.9064907280050285,11036,0.8939780875815032,23584,0.8929347810779585
26349,21538,0.9992790330661535,21632,0.9937451362209506,25398,0.9810343563611154,24486,0.9767270345435345,22379,0.9700956867311262
31689,9938,0.9698761066695377,17951,0.9383981358094796,9983,0.9166309496680052,23003,0.9161386240989723,1784,0.9142998851522742
3343,4958,0.9581365970918135,5053,0.9166344839673745,30619,0.9165188542884618,25888,0.916038215718844,7064,0.9159996546315003
3196,21254,0.9144810436611213,5177,0.9127760796397343,10079,0.9054845973231683,28638,0.9000072888614706,10672,0.8993916260138374
25772,11749,0.978599772268252,1484,0.9767192871453156,2321,0.9738656282962533,29092,0.9627980233777454,5707,0.9392658147142553
25312,29679,0.8935060104132319,4741,0.8916101844389708,28325,0.8912351740707783,20444,0.8844787768339414,20126,0.881060767350832
305,31378,0.8877617213431241,31925,0.8332663992448666,6226,0.825785757678419,17596,0.8240925444032395,22062,0.8181478989067753
25132,3601,0.8954015921540374,18995,0.8619802826708344,7064,0.8573250936371003,6173,0.8481963635461685,25888,0.8382599115758517
23529,26379,0.986584325819206,3793,0.9839150795416103,20671,0.9837622614033207,23999,0.9744592903104721,4409,0.9119869229910144
20327,13565,0.9922670079848283,16237,0.9884635016757243,7385,0.9643190662768619,24752,0.962242623699991,16899,0.9166063209084223
15513,1088,0.9877915006621586,7545,0.978902923354203,22614,0.9782990158896755,31324,0.9704731778485086,20444,0.9165725752170096
5053,3343,0.9166344839673745,18540,0.9162602446494531,7263,0.9162575650906687,26398,0.914135104702066,3848,0.9126564705999103
265,20078,0.9900641889418139,25668,0.9886995989738016,29902,0.9886747794469111,2486,0.9885159844714942,18839,0.9881150098757611
14594,27527,0.9722013860806952,16590,0.9704492945286902,2788,0.9077705658727998,9078,0.9069099867745107,1589,0.9045087718959826
15878,1369,0.8811985478243249,28127,0.8329718079907416,2653,0.8329718079907416,1784,0.8317191520597035,31163,0.8304159952109034
12565,30752,0.9333383065086603,24255,0.9166271870717434,30352,0.9165155104212146,23779,0.9124193212355974,22184,0.9107634089418717
14986,12055,0.9998405356892883,11986,0.9164398577952954,22544,0.9095092378754027,24669,0.9052436899551419,204,0.9051484112054301
23003,1784,0.999308824505226,9983,0.9991617144894448,28127,0.9974857308394994,3476,0.9942680805504013,14264,0.9942396320824836
1784,23003,0.999308824505226,28127,0.9993071468509916,9983,0.9970251955859285,14264,0.994138468705069,3476,0.9932818054270901
11441,1589,0.9806574510446345,27527,0.9241602210267396,16590,0.9163408857329002,14757,0.9022439461624248,4005,0.8945541721133345
25888,7064,0.9979163393613261,17159,0.9750627146365044,6173,0.9706194464269385,3601,0.96946133130866,18995,0.9586643585425332
26948,28787,0.9729912989842892,14895,0.9504824984274945,8703,0.9439083238056593,14745,0.9223416200052128,25811,0.906312651511438
7666,11927,0.9109774353160492,19906,0.9106634348559245,18534,0.910634552276936,1125,0.9091859042068137,6226,0.9086140274674638
11414,18754,0.9660513893678017,16680,0.9612426104132753,5303,0.9518564823235933,6996,0.9399518574474938,31754,0.9318378735009837
27628,22196,0.9938472335489917,15646,0.9928019442631912,11516,0.9886322082626711,7151,0.9466098975358707,12778,0.9166666666666666
27527,16590,0.9888298410460233,14594,0.9722013860806952,1589,0.9648264386594588,11441,0.9241602210267396,29001,0.9162774434074489
9540,24669,0.912325375072227,8703,0.9085592298392534,14895,0.9061381520177548,14745,0.9044094247203023,14986,0.9029262338820253
4741,28325,0.9999579527559082,29679,0.9930160098628513,20126,0.9922392407828579,20444,0.9881515612033388,21754,0.9636987805083835
22696,3347,0.9748763028326176,5053,0.9110999513285192,3343,0.9110491269074715,9775,0.911009069375328,13491,0.9101671045638211
3347,22696,0.9748763028326176,16821,0.9110295699015181,31925,0.9108175031657867,5955,0.9107628984006081,18823,0.9048460452473547
1088,31324,0.994432675274254,22614,0.9934922950257263,7545,0.9898020685814165,15513,0.9877915006621586,28325,0.9165476665906759
32216,12778,0.9157483621428693,27628,0.9157483621428693,7029,0.9154376404170336,17181,0.911663024852898,6714,0.9095055932641403
1125,18995,0.9164655710631453,18534,0.9160415138719472,6173,0.9144338252373871,26553,0.9105561215185635,7666,0.9091859042068137
10908,32378,0.9092265214318793,8184,0.9065782152654364,340,0.8999392851465359,14000,0.8976445317048972,11036,0.8965587041293387
29495,27527,0.9089836513815204,7291,0.9050631252306468,31290,0.9039364569628471,16590,0.8985011153201036,18116,0.8979419503156773
19895,19992,0.9161788923612978,4632,0.912899069864658,18775,0.9110855338663683,10589,0.9077048127778408,14248,0.9039481749192317
9227,3848,0.8332208968294829,14292,0.8332093807410329,6903,0.8330490802391664,18540,0.8321022059348512,29409,0.8321022059348512
23779,9364,0.9380914812625122,31329,0.9310841637652901,30352,0.9138609289157827,24255,0.9131935116856665,12565,0.9124193212355974
26880,15,0.8996960993269113,19756,0.890260606371502,8875,0.8328833691991941,22670,0.8324576510853356,12510,0.8324576510853356
10129,7252,0.999838615208802,21889,0.9823756711124684,13758,0.9597027736633491,13364,0.9536374892859073,10347,0.9024981468707624
15874,12510,0.988557085078298,6970,0.9854046412921317,32099,0.9786957533431332,2096,0.9762593400759426,18839,0.9761704359222106
22473,13454,0.9125757065379586,9078,0.9108079698553796,7724,0.9085350907979821,16949,0.9064997752962761,7039,0.9052925653614441
20671,3793,0.9848977800847262,23529,0.9837622614033207,26379,0.981599223051565,23999,0.9727670051793392,4409,0.9131465948596976
20750,2261,0.9927670450736681,13168,0.9883282075508436,21335,0.9786988498833852,23556,0.9719270876207361,31840,0.9695778265754619
31509,4617,0.9123936278668969,11927,0.9102362060943104,24669,0.9099234875721334,19906,0.9096621599720548,13580,0.908424463049279
13364,21889,0.987924041476838,13758,0.9546500456012236,10129,0.9536374892859073,7252,0.9497076453583978,8009,0.9165753652339922
3848,9609,0.9980360895290598,21644,0.9673250081377806,26064,0.9165646548389997,28042,0.9156301866892189,16276,0.9154595887297662
16949,13454,0.9985783920680289,19683,0.9985410741707756,9078,0.9806159536985897,4005,0.9705882481096019,15674,0.9161201405225855
7252,10129,0.999838615208802,21889,0.9797929926255734,13758,0.9594924150327303,13364,0.9497076453583978,12839,0.9020736747884929
15671,15151,0.9936842591555158,24514,0.9936807308307216,7578,0.9920670487745289,21407,0.991919373407827,5571,0.9910724580558474
11927,19906,0.9998819195369362,4617,0.9919008892907281,16821,0.9893462582454854,17290,0.9771741420823767,31023,0.975390843485997
31679,7163,0.8770536452962063,7666,0.8660304728038654,2564,0.8329891992340492,18639,0.8156039054738754,21617,0.8135754633439382
12510,32099,0.9979275375245574,18839,0.9977081050190423,2486,0.9960272523497817,29902,0.9960024671479948,25668,0.9928885430802946
7385,24752,0.9998565369455307,16237,0.9779089310225634,20327,0.9643190662768619,13565,0.9633644470604329,20750,0.9166666666666666
20078,265,0.9900641889418139,2008,0.9837955227992717,12510,0.9827017540393985,32099,0.9821572765194374,18839,0.9806719296419822
4399,15555,0.9997149038268353,29052,0.9996974271355952,6094,0.9990200237704568,13276,0.9942357064645995,1971,0.9935123228311858
31163,28127,0.9947098822705683,12681,0.9941153772641568,21207,0.9933872423992641,23053,0.9932393933951915,1784,0.992348569227838
16590,27527,0.9888298410460233,14594,0.9704492945286902,1589,0.9549967600905429,11441,0.9163408857329002,22614,0.9158013402106467
5253,22055,0.9759164539527726,13565,0.9163720905697952,27527,0.9157041496782234,12171,0.915222258832722,29001,0.914990844281081
20030,5303,0.9165595078849073,6996,0.9154202783922033,31754,0.9132826719246762,16680,0.9131438576321055,18754,0.8984757964114474
31754,6996,0.9994377724241605,5303,0.9956658753961855,16680,0.9867877498087568,18754,0.9640500142752627,11414,0.9318378735009837
21538,26349,0.9992790330661535,21632,0.9968901586269294,24486,0.9746931846447081,8644,0.9735227140140189,25398,0.9731735899948788
13491,15452,0.9945594981251631,5961,0.9936091777594553,21019,0.9921727416034923,20946,0.9844365825033471,9091,0.9823197985175939
10413,13491,0.9147318740405751,5961,0.9129957999746279,20946,0.9046053105627608,15452,0.9030445106144942,21019,0.8992086203422388
26897,17822,0.9093175449659899,22934,0.9073269109078804,572,0.8332683877431656,17951,0.8323110448961915,7494,0.8273703348654742
4632,19992,0.9982271830759522,5317,0.9868992627369618,10589,0.977757278954103,10347,0.9761696705452193,10804,0.9706062308929994
6209,22614,0.9157033925751351,1088,0.9108788289834924,25600,0.9036814173256159,31324,0.9035494678065051,15513,0.9002538171521368
28875,17184,0.8875760758706462,31083,0.8588931024713583,24338,0.8165555926384968,26117,0.8140830020950901,20084,0.8106544854802978
9921,20016,0.8418367260674957,1088,0.8293499765334111,30955,0.8291342989756544,6209,0.8254794921033929,15513,0.8242154155549231
11698,4603,0.8999117681564632,22696,0.8976215959946771,7666,0.8856673349638259,6226,0.8730785183057576,3347,0.8615570254313578
25240,7129,0.9162954862123902,4244,0.9138398311595775,9081,0.9106428402867749,6772,0.904880965132217,19164,0.9027550576043524
6226,9533,0.9150313229074994,31925,0.9104683949400109,7666,0.9086140274674638,22062,0.9036260097839858,7039,0.8938385373055846
572,1542,0.9877076902526155,31987,0.9821844360003751,21623,0.9773448012682117,29286,0.9691098071426767,28947,0.965440639108686
13090,16605,0.9161864955145527,4974,0.8993406998881627,21059,0.8885226062920699,25370,0.8655927934740754,1891,0.8646951238535566
15555,29052,0.9997898109049519,4399,0.9997149038268353,6094,0.9977342604282272,13276,0.9940116163555545,32020,0.9937055757357739
13580,31509,0.908424463049279,18775,0.8908799899232985,5306,0.8792239059576747,3251,0.8762779835243087,32216,0.8296609240440415
11036,14000,0.9999631956252634,1871,0.9942215842064325,8184,0.9888319824836156,27973,0.9636341106405494,32378,0.9597118159404627
27892,3714,0.9979770312359659,21815,0.9869621078628387,16125,0.9166471048204512,17184,0.9166471048204512,10079,0.916582581033683
14650,13716,0.9163411892501919,13491,0.9162275173833881,13364,0.9161860840187713,7263,0.9154697764951321,31260,0.9149643390863266
17181,6714,0.9922837696893195,21254,0.9774571099113473,10079,0.976070475999195,30689,0.9165681993724194,18279,0.916102920725895
31023,21617,0.9999336985909628,17290,0.9953918476301974,11927,0.975390843485997,19906,0.9742230160685557,4617,0.9627092306914902
24931,31329,0.9775307753839781,9364,0.9766171077677649,24514,0.916620046227146,27973,0.9164757368297325,21407,0.916004102874771
6723,26474,0.9730039546873971,25668,0.9164812381282014,29902,0.9164154332752217,2486,0.9157852398188876,21059,0.9157065379704633
9938,17951,0.9814094748587522,31689,0.9698761066695377,8607,0.9166153057902404,4942,0.9164752085971717,31146,0.900256262998743
32313,21889,0.828768317526361,3196,0.8244472347807331,19460,0.8216268484610222,4974,0.8214313059171365,4097,0.8190263257080188
18823,15860,0.9946471363939108,5955,0.9943386011674523,15583,0.9840420928476306,13491,0.9720007348282426,5961,0.9679617464835593
24484,13329,0.7899099683291935,8607,0.7849961000940406,1369,0.7417934623212856,31689,0.7370646567118193,15878,0.7148543879159089
11994,7533,0.9927259628467212,5550,0.9844813342756981,25275,0.980823910845924,21825,0.9156592668756964,25875,0.912998595019829
24752,7385,0.9998565369455307,16237,0.9760625599576122,20327,0.962242623699991,13565,0.9603845516973775,20750,0.9165232036121974
17301,23074,0.8291131152576305,31509,0.816507057091029,14986,0.8110545920943669,12055,0.8107080511156676,7598,0.8088758681038607
29409,6903,0.9151543637541959,25969,0.9138720484306911,22055,0.898203435463318,12639,0.895813688397784,5253,0.8849894316191076
5962,2486,0.9165706494591085,18839,0.9162275173833881,22006,0.9161850287698573,25668,0.9156740621288781,29902,0.9152445592343176
9081,25240,0.9106428402867749,3056,0.8879754234311662,7385,0.8836227407795939,24752,0.8805338287974092,16237,0.878216412089504
3056,10910,0.9946020788162785,7707,0.9166666666666666,19330,0.9166220999542963,11233,0.9164266560300035,26324,0.9155693456272352
6772,5685,0.9988052806486128,19164,0.9943622925929706,29092,0.9896032712476055,4244,0.9871857064740855,1484,0.9766931823463129
31435,21,0.9912680433489127,11154,0.9896634563925716,28947,0.9887500149014138,21623,0.9832686106216268,23737,0.981436806307244
9533,31925,0.9858531511567121,11927,0.9166666666666666,19906,0.9165485862036028,6226,0.9150313229074994,28577,0.9137026857851298
23355,12140,0.9849735440515541,11499,0.9773339872489671,4409,0.9711036259290787,17702,0.9651413638742011,29286,0.9162580613917167
25275,5550,0.9996610903516382,7533,0.9941147547257824,11994,0.980823910845924,13124,0.9157852308370603,11986,0.9157852308370603
3391,2653,0.9016895023783529,26892,0.8326218293276583,28947,0.8248203499411887,31435,0.8242936284232071,20126,0.8223774877819897
7707,19330,0.9999554332876297,11233,0.9997599893633368,26735,0.9972494444701508,10106,0.9907769197098096,14864,0.9830745149145738
8703,14895,0.9991106867750396,14745,0.991746162012045,28787,0.9785705048367171,26948,0.9439083238056593,5430,0.9161366468918724
32270,18639,0.8976893556448448,7666,0.8329551398047794,12475,0.8301500852099709,18534,0.8267519145364526,30689,0.8262807072705067
3793,26379,0.9994498126185717,23999,0.988601171758953,20671,0.9848977800847262,23529,0.9839150795416103,7987,0.9053477922919143
31881,32216,0.9052440545942261,21336,0.9040000926545342,15442,0.899328107075093,15234,0.8842134746803604,801,0.8283489997735439
31713,28042,0.9963970466485762,3848,0.9137437020615572,7707,0.9137037483569923,23902,0.9134235206240566,19330,0.9132661177230039
4409,23355,0.9711036259290787,12140,0.9619408071759888,17702,0.9582906634420861,11499,0.9576563019227488,10106,0.9166666666666666
29114,14864,0.983263931995256,10106,0.9695670260138342,7707,0.9684848648911822,19330,0.9677261520728964,11233,0.9663581007472319
18533,18110,0.9886458220643436,26474,0.9076862645990347,15541,0.9072584946951912,29352,0.9006024050635312,6723,0.8976342270604477
12717,26008,0.897467363968031,1491,0.8330372851162298,10407,0.8271091454630829,18279,0.8224115789187035,15,0.8216600748413843
14464,5504,0.8927722522453442,7385,0.8817570453704052,24752,0.8791068806151854,16237,0.87335752048658,13565,0.8696849417009371
22718,26553,0.8139487606348595,10862,0.7754535869572043,11995,0.7704766316762542,27319,0.7489912315156481,7598,0.742857062467308
2653,4146,0.9151337923775543,31435,0.91106379000412,21623,0.904531730902525,21,0.9027554188461179,3391,0.9016895023783529
10910,3056,0.9946020788162785,10106,0.9161530784791498,20068,0.9160335114039118,1891,0.9134410442663411,21776,0.913387293837156
21889,13364,0.987924041476838,10129,0.9823756711124684,7252,0.9797929926255734,13758,0.9625327594809189,29092,0.9089838053161863
10191,5177,0.9658579636759507,9138,0.9488712284655018,18279,0.9487035293389523,1491,0.939922068316028,21396,0.9399148037615971
26735,11233,0.9985624275702362,19330,0.9978935075266521,7707,0.9972494444701508,14864,0.9819514994321755,10106,0.9782397076921591
6918,8917,0.9933755793016612,12171,0.9915826063011935,25495,0.9824106615721556,30619,0.9666183282096918,31260,0.9610235526040234
16009,6393,0.910722134541801,11781,0.9079459027359743,18116,0.9066313591186826,11382,0.9032498014776533,28127,0.8332965914850602
8875,8433,0.915946006402767,801,0.9048632979368451,12778,0.8942151965504449,19756,0.8871032597708041,8691,0.8871032597708041
6173,18995,0.9967969700121014,17159,0.9844595611034034,7064,0.9762235540790787,25888,0.9706194464269385,3601,0.9636178380685142
30558,6393,0.899987580718501,18775,0.898478250718829,29679,0.8982213566746337,4741,0.8968229204529191,28325,0.8967190337910836
10342,14412,0.8295219375138997,14573,0.8255281854463122,4632,0.8205744896947905,17596,0.8149618925329962,5317,0.8125956507377063
15380,4514,0.9742781642106729,27716,0.9678149925223201,10349,0.9663985568557883,31905,0.9592895940517274,2261,0.916111808450295
900,9205,0.9719655166946043,19477,0.9687694552675129,18839,0.9166103296517787,30752,0.916607711314799,2486,0.916607711314799
17596,5955,0.9133547659372315,15583,0.9107382464853568,18823,0.9088635440232015,15860,0.8975127269941598,7039,0.8916216217340148
20706,19477,0.9050743914971404,9205,0.904999152592952,11994,0.9046928623756826,31083,0.9044158453420605,7533,0.899783209983994
19164,6772,0.9943622925929706,5685,0.9884953934222821,4244,0.9777864960830742,29092,0.9697494898508445,5707,0.965160453897202
10347,10804,0.9935530383863286,5317,0.9886929972721967,4632,0.9761696705452193,19992,0.9730056795950864,10589,0.9475615899143702
28638,15555,0.9887360010099799,29052,0.9882156021190234,4399,0.9881166908549747,6094,0.9856981920145208,32020,0.9828358800112357
20126,4741,0.9922392407828579,28325,0.9919226148125125,29679,0.9812643860104165,20444,0.9796807936583761,21754,0.9550574699880915
9734,28577,0.9595892422441424,14757,0.913723792405909,21617,0.8990520890620385,31023,0.8968798956855157,26761,0.880034313890495
12475,8876,0.9943776907984557,30689,0.9928277204325692,5430,0.9839583598291313,10941,0.9825668576184109,16276,0.9766150344611583
5157,27467,0.9935933774459761,14575,0.9689502517931518,9873,0.9157693911991687,13027,0.9039470335561273,14757,0.8309367613949168
27716,10349,0.9938520715724444,4514,0.9819798741991551,15380,0.9678149925223201,31905,0.9406701168666999,4632,0.9166666666666666
30625,25398,0.8889259582258724,31754,0.8768285471797563,26349,0.8687795867865115,6996,0.86792565474029,7751,0.8651680771553368
18110,18533,0.9886458220643436,26474,0.9209690714738287,29352,0.9113861673458562,6723,0.9104453012598479,21776,0.9040055189409726
10589,19992,0.9883148631282416,4632,0.977757278954103,10804,0.9636361799411602,5317,0.96134040472539,10347,0.9475615899143702
32020,13276,0.9982787984796575,16899,0.9956743032901428,15555,0.9937055757357739,29052,0.9934152757529633,4399,0.9925451428571
7545,31324,0.9922544786259208,1088,0.9898020685814165,22614,0.9870495983516965,15513,0.978902923354203,5707,0.916549780015251
19683,16949,0.9985410741707756,13454,0.9948261308846837,4005,0.9752128286778579,9078,0.9732414086824153,3350,0.9166265037492524
3476,14264,0.9997065127716972,23003,0.9942680805504013,9983,0.993524672023427,1784,0.9932818054270901,28127,0.9908543746013149
15646,27628,0.9928019442631912,22196,0.9898965627103603,7151,0.9690634060475266,11516,0.9690033666759756,17181,0.9145711973068331
3195,30292,0.9151799160324777,8116,0.9139440355827663,340,0.910366540701963,8691,0.8943947695428962,1125,0.8800689183561583
5177,18279,0.9743190043969663,21396,0.9720123619496591,1491,0.970392532461207,10191,0.9658579636759507,10407,0.9633318491026014
9091,20946,0.9888800789642541,13491,0.9823197985175939,15452,0.974241353683753,5961,0.9735684001185273,21019,0.9723449390862782
18754,16680,0.9942252280344362,5303,0.9842080472947589,6996,0.9723182797484219,11414,0.9660513893678017,31754,0.9640500142752627
23502,30752,0.8998801882289715,17674,0.8961229280738919,16237,0.833239309964477,14864,0.8316551468235848,12565,0.830378832936027
5317,10347,0.9886929972721967,4632,0.9868992627369618,19992,0.9847129371699571,10804,0.9843867733877483,10589,0.96134040472539
27829,11995,0.8330182487500215,14292,0.8330182487500215,10862,0.8321606898630529,5521,0.8261003784070015,27319,0.8156555409329046
22757,2008,0.9939762091823322,265,0.9750911411737034,20406,0.9679419192382763,20078,0.9668412376675258,25668,0.9658996690813085
24421,1764,0.9856053431562349,12639,0.9081223781302921,24752,0.8988144938066011,7385,0.8980506296350464,25969,0.8908802003205037
4724,7578,0.9963508862365833,15151,0.9925041896690089,24514,0.9887329368589196,15671,0.9826219580419489,21407,0.9813020375170707
11499,17702,0.9935583980181123,12140,0.9915252929423702,23355,0.9773339872489671,4409,0.9576563019227488,15671,0.9166243415924522
21623,31987,0.9942667206340218,29286,0.989239843556514,28947,0.9871041738620437,31435,0.9832686106216268,1542,0.9793128881306742
16821,19906,0.9914598646638124,4617,0.9903928671760819,11428,0.9903300224625985,11927,0.9893462582454854,17290,0.9704146143435635
11233,19330,0.9998996762041955,7707,0.9997599893633368,26735,0.9985624275702362,10106,0.9879066008637816,14864,0.9832566418978562
7724,29679,0.9099204725323821,22473,0.9085350907979821,4741,0.9064628332122546,28325,0.9056925033176221,20126,0.897906004959213
1869,23779,0.9093503561368933,31905,0.9075614921000664,21815,0.9038774867083684,3601,0.9029552226491017,27892,0.8876218978253275
7598,3014,0.8980680959273384,26553,0.8246385054312482,7166,0.8217537107677257,22473,0.821748714342634,204,0.8155795069663047
28577,9734,0.9595892422441424,11927,0.9137026857851298,9533,0.9137026857851298,19906,0.9124568481533566,15583,0.9064854528510743
26064,3848,0.9165646548389997,9609,0.915401658480249,28042,0.9149466110119241,9364,0.9147734356212123,7064,0.9147734356212123
23999,3793,0.988601171758953,26379,0.9885773879275593,23529,0.9744592903104721,20671,0.9727670051793392,7987,0.9163877324429542
4974,13090,0.8993406998881627,12565,0.8965366987130526,30752,0.8893089133532017,15060,0.8516461710711868,1871,0.8331466632662884
4005,19683,0.9752128286778579,16949,0.9705882481096019,13454,0.9631088280479122,9078,0.9451703437258017,1589,0.9106541690961043
31290,24872,0.9161362793666369,16590,0.9110333880358842,27527,0.9110210681141853,29495,0.9039364569628471,204,0.9004858244505548
14000,11036,0.9999631956252634,1871,0.9940311671720842,8184,0.9887174349717109,27973,0.9641842215132366,32378,0.961700032760637
14895,8703,0.9991106867750396,14745,0.9879694346706446,28787,0.9810773939745933,26948,0.9504824984274945,22468,0.9165801325357648
5306,23999,0.883157492459704,13580,0.8792239059576747,20671,0.8769817817159232,7163,0.8750932878277787,3793,0.8747869742486255
18775,19895,0.9110855338663683,19992,0.9104358070584214,18116,0.9103475068248551,4632,0.9067357293760782,10589,0.9030491008824871
8691,12778,0.9069467639704326,23984,0.9004964739130296,801,0.9002891061487325,3195,0.8943947695428962,8433,0.8909497242783343
32213,12475,0.9140889984830748,11927,0.9109774353160492,7029,0.9109333873006884,27628,0.9108042551194435,30689,0.9106676627970686
22184,12892,0.9876027168022256,10106,0.9761234355563365,7707,0.9608077701372784,19330,0.9590760358320182,11233,0.9574373380853718
9078,13454,0.9878665330910298,16949,0.9806159536985897,19683,0.9732414086824153,4005,0.9451703437258017,2788,0.9166171313081528
26008,15,0.8994638947059563,12717,0.897467363968031,15878,0.8269866069170438,14573,0.8215871735642932,18279,0.8199009413937861
3014,7598,0.8980680959273384,24180,0.8949315455853796,204,0.8914958639607403,7166,0.8890281834728307,19683,0.8884395953054268
26379,3793,0.9994498126185717,23999,0.9885773879275593,23529,0.986584325819206,20671,0.981599223051565,4409,0.9046320655760538
13716,7263,0.9980081193522885,18540,0.994530004624614,2788,0.9684767259751698,14650,0.9163411892501919,13491,0.9154949512934586
24255,30352,0.9999638611310687,15874,0.9703271098788373,20078,0.9687780032469205,2008,0.9561493534361754,12510,0.9520164585380705
21254,10079,0.9964988383132453,17181,0.9774571099113473,6714,0.9684891524970224,9408,0.9165731040010087,8433,0.9163515820833549
14264,3476,0.9997065127716972,23003,0.9942396320824836,1784,0.994138468705069,12681,0.9928014347645732,9983,0.9926254676176082
20122,2564,0.9406740968619677,5955,0.9115243038820259,15583,0.9090289496305756,18823,0.9072497762841424,8581,0.9057116898948507
15,19756,0.907923865194351,26880,0.8996960993269113,26008,0.8994638947059563,3963,0.8291936557296546,21407,0.8274495978301122
6970,2646,0.9886786038412616,2096,0.988399230660341,21407,0.9864857192184445,5571,0.9864721227741766,12510,0.9857090468831508
22614,1088,0.9934922950257263,31324,0.9898958261462014,7545,0.9870495983516965,15513,0.9782990158896755,16590,0.9158013402106467
6903,10862,0.916353291716599,11995,0.9162592560449093,29409,0.9151543637541959,30619,0.9146685811601056,31260,0.9036617418524093
26111,8607,0.9103406377974034,17822,0.9036689431958127,13329,0.8985373489821665,22934,0.8982713293651736,26892,0.8813323263173037
9873,5157,0.9157693911991687,27467,0.9140093317047602,14575,0.8870708791899661,13371,0.8711431747867526,13027,0.8177651320702717
22062,6226,0.9036260097839858,31378,0.8253970750749117,7666,0.8207472564656207,31925,0.8189915070251478,305,0.8181478989067753
29918,7724,0.8287892469670726,28898,0.8268200747843144,8648,0.8240430362624709,31769,0.8229210416416753,15595,0.8211559528051914
3714,27892,0.9979770312359659,21815,0.9811672688632268,8433,0.9166349170063418,7726,0.9163830161031695,21254,0.9161198597819119
4097,19460,0.9997692738623655,28482,0.9765272884520279,29563,0.9644755901995391,15874,0.9166532187715353,10106,0.9159078609528065
21754,20444,0.9906064502067721,12839,0.9699293838878829,28325,0.965711661260907,4741,0.9636987805083835,20126,0.9550574699880915
13758,21889,0.9625327594809189,10129,0.9597027736633491,7252,0.9594924150327303,13364,0.9546500456012236,27628,0.9166666666666666
26761,17290,0.9163094460804562,31023,0.9139045942189643,21617,0.9129863100729759,5961,0.9100801147130788,13491,0.9097864679741671
31155,15583,0.9680441741525548,5961,0.9315292796872163,5955,0.9246436003316081,18823,0.9242830875407574,20946,0.9209415355666283
2261,21335,0.9956935950710379,20750,0.9927670450736681,31840,0.9858791073275938,13168,0.9839262943683248,23556,0.9759731962006057
14745,8703,0.991746162012045,14895,0.9879694346706446,28787,0.9634139429765135,26948,0.9223416200052128,5430,0.9098201671196624
22499,7987,0.9096099460751295,23999,0.9082584532650153,3793,0.8984751680569865,26379,0.896127931427357,20671,0.8875675678732117
2788,13716,0.9684767259751698,7263,0.9621911193252298,18540,0.9528936114072414,9078,0.9166171313081528,10941,0.9140187518718749
31840,21335,0.9884589899419415,2261,0.9858791073275938,23556,0.9813237401923987,20750,0.9695778265754619,13168,0.9628300173444692
8116,3341,0.9165993735434217,3195,0.9139440355827663,30292,0.9133200656993027,340,0.8999392851465359,5521,0.8333333333333334
1589,11441,0.9806574510446345,27527,0.9648264386594588,16590,0.9549967600905429,5961,0.9145975723665454,18540,0.9112743505694016
22006,27193,0.9774403107955544,25973,0.9707779659991197,26398,0.9161857816148343,5962,0.9161850287698573,23902,0.9107253349648975
25231,28325,0.9160411020291729,4741,0.9157423464577713,31435,0.9105400747723577,6393,0.9091230598771819,20444,0.908650656883137
11337,13482,0.8252823955882699,9921,0.7498417829100528,18775,0.7451286372211569,29918,0.7418999452005761,7724,0.7313329568170932
11749,1484,0.997769381900912,29092,0.994862992642795,5685,0.9811075946392136,25772,0.978599772268252,2321,0.9769302817005379
9205,19477,0.9979290751928761,900,0.9719655166946043,1784,0.9165351879319031,23003,0.916414976473941,11499,0.9162783245605924
2564,20122,0.9406740968619677,31155,0.8829532907995518,7166,0.8776174905629729,5961,0.8661075279291124,20946,0.8629074655503103
11716,10413,0.8969196933171877,9091,0.8236973675778062,3610,0.8218534684377655,31260,0.8214206248824812,15452,0.8210581832243896
5707,2321,0.9893017691285829,5685,0.9776320491858121,6772,0.975908507963443,29092,0.9738532225074042,4244,0.9665449339257944
17184,27892,0.9166471048204512,3714,0.9142268596122737,21815,0.9039815795670944,31083,0.8940114679348783,28875,0.8875760758706462
16154,15154,0.9993071468509916,16899,0.9982979491753455,13276,0.9967110438804587,1971,0.9937515912954361,6094,0.9936474444303413
30292,3195,0.9151799160324777,15380,0.9144121254877869,5521,0.9133200656993027,8116,0.9133200656993027,8009,0.9125945559484897
10941,8876,0.9883128642352735,12475,0.9825668576184109,30689,0.9800714150153529,5430,0.9629804806105907,16276,0.9429779942228148
32099,29902,0.9995987683910591,18839,0.999177815428702,2486,0.9986184013341379,12510,0.9979275375245574,25668,0.9978732300780905
2646,2096,0.9997962684701037,5571,0.9978014275043648,21407,0.9975432005351088,24514,0.9932675806603445,15151,0.9893069579903623
27566,4942,0.8886745831368738,23482,0.8743362910468448,16009,0.8330250655779653,15671,0.8327414144524244,25231,0.8311893197484402
12681,31163,0.9941153772641568,14264,0.9928014347645732,28127,0.9905739923672687,3476,0.9898392601476185,1784,0.9891278936199003
23584,3039,0.9935717539176329,20084,0.9824308333119522,4942,0.9164752085971717,18839,0.9164563768807209,32099,0.9159491454237578
5504,7385,0.9025761362544302,24752,0.8996183417991318,16237,0.8974216067291492,13565,0.8943508417167889,14464,0.8927722522453442
14573,10342,0.8255281854463122,26008,0.8215871735642932,15154,0.8212579916896242,16154,0.8149121021426948,1971,0.8128639648845821
24681,6226,0.8205777219208986,3350,0.8148441296721337,11986,0.8108915923634225,23382,0.8073389367708831,7598,0.8059006902725748
2008,22757,0.9939762091823322,20078,0.9837955227992717,265,0.9826234525745065,29902,0.9717060418926774,25668,0.9713893088983463
26117,4931,0.9506102346627582,31905,0.8906188781157272,15380,0.8820708981306433,27716,0.8810988288944661,14248,0.8788036974734984
